source,target,accuracy,macro_f1
amazon,imdb,0.8308472553699284,0.829099280162554
amazon,twitter,0.755071599045346,0.7547305196243338
amazon,yelp,0.9307875894988067,0.9307863821309703
