source,target,accuracy,macro_f1
imdb,twitter,0.7231503579952268,0.7228937686517305
imdb,amazon,0.8958830548926014,0.8957380649803806
imdb,yelp,0.9075178997613366,0.907360883527119
