{
  "validation": {
    "validation_loss": 0.40169933438301086,
    "validation_accuracy": 0.9223880597014925,
    "validation_macro_f1": 0.9223818350324375,
    "validation_runtime": 5.3082,
    "validation_samples_per_second": 63.11,
    "validation_steps_per_second": 7.912,
    "epoch": 3.0
  },
  "test": {
    "test_loss": 0.42741239070892334,
    "test_accuracy": 0.9136904761904762,
    "test_macro_f1": 0.9136713593394228,
    "test_runtime": 5.4242,
    "test_samples_per_second": 61.945,
    "test_steps_per_second": 7.743,
    "epoch": 3.0
  }
}