source,target,accuracy,macro_f1
twitter,imdb,0.7568615751789977,0.7512148162273713
twitter,amazon,0.8411940298507463,0.8400606803783837
twitter,yelp,0.8242840095465394,0.8204949932878645
