source,target,accuracy,macro_f1
yelp,imdb,0.8406921241050119,0.8394739674135296
yelp,twitter,0.7502983293556086,0.7502977737656307
yelp,amazon,0.9110447761194029,0.911039417477943
